{"inputUnits":[99],"outputUnits":6,"inputs":{"0":{"dtype":"number","min":0,"max":0},"1":{"dtype":"number","min":0,"max":0},"2":{"dtype":"number","min":0,"max":0},"3":{"dtype":"number","min":0.005928218364715576,"max":0.024524271488189697},"4":{"dtype":"number","min":-0.05746757984161377,"max":-0.022320687770843506},"5":{"dtype":"number","min":0.027028143405914307,"max":0.06302833557128906},"6":{"dtype":"number","min":0.011779487133026123,"max":0.03692424297332764},"7":{"dtype":"number","min":-0.056957781314849854,"max":-0.02102220058441162},"8":{"dtype":"number","min":0.027028143405914307,"max":0.06394845247268677},"9":{"dtype":"number","min":0.01663142442703247,"max":0.04769313335418701},"10":{"dtype":"number","min":-0.0575106143951416,"max":-0.0202217698097229},"11":{"dtype":"number","min":0.027028143405914307,"max":0.06486856937408447},"12":{"dtype":"number","min":-0.023076295852661133,"max":-0.005797743797302246},"13":{"dtype":"number","min":-0.0642593502998352,"max":-0.024227619171142578},"14":{"dtype":"number","min":0.020587921142578125,"max":0.05898618698120117},"15":{"dtype":"number","min":-0.03740978240966797,"max":-0.012276321649551392},"16":{"dtype":"number","min":-0.06745791435241699,"max":-0.024230122566223145},"17":{"dtype":"number","min":0.020356059074401855,"max":0.05898618698120117},"18":{"dtype":"number","min":-0.04973095655441284,"max":-0.019146203994750977},"19":{"dtype":"number","min":-0.0698932409286499,"max":-0.0225754976272583},"20":{"dtype":"number","min":0.020587921142578125,"max":0.058768510818481445},"21":{"dtype":"number","min":0.012065678834915161,"max":0.06650668382644653},"22":{"dtype":"number","min":-0.05084037780761719,"max":0.0007722973823547363},"23":{"dtype":"number","min":0.18412943929433823,"max":0.4151429235935211},"24":{"dtype":"number","min":-0.07138967514038086,"max":-0.02786394953727722},"25":{"dtype":"number","min":-0.06769436597824097,"max":-0.0008283853530883789},"26":{"dtype":"number","min":0.18424226343631744,"max":0.40349334478378296},"27":{"dtype":"number","min":0.007691144943237305,"max":0.025255680084228516},"28":{"dtype":"number","min":0.02233290672302246,"max":0.05858665704727173},"29":{"dtype":"number","min":0.055857591331005096,"max":0.1449223756790161},"30":{"dtype":"number","min":-0.027461707592010498,"max":-0.01000899076461792},"31":{"dtype":"number","min":0.021064341068267822,"max":0.05522805452346802},"32":{"dtype":"number","min":0.061999231576919556,"max":0.14332103729248047},"33":{"dtype":"number","min":0.0587039589881897,"max":0.1577884554862976},"34":{"dtype":"number","min":0.06708133220672607,"max":0.28553617000579834},"35":{"dtype":"number","min":0.2036542035639286,"max":0.7091445624828339},"36":{"dtype":"number","min":-0.17048007249832153,"max":-0.0671442449092865},"37":{"dtype":"number","min":0.07610216736793518,"max":0.2857835292816162},"38":{"dtype":"number","min":0.23465053737163544,"max":0.7213451266288757},"39":{"dtype":"number","min":0.0888177752494812,"max":0.3895444869995117},"40":{"dtype":"number","min":-0.21703767776489258,"max":0.6425315141677856},"41":{"dtype":"number","min":-0.11144256591796875,"max":0.7125355899333954},"42":{"dtype":"number","min":-0.42959272861480713,"max":-0.08459016680717468},"43":{"dtype":"number","min":-0.2024540901184082,"max":0.6619489789009094},"44":{"dtype":"number","min":-0.10829102993011475,"max":0.6125642359256744},"45":{"dtype":"number","min":-0.048707157373428345,"max":0.506401926279068},"46":{"dtype":"number","min":-0.42058855295181274,"max":0.9467951655387878},"47":{"dtype":"number","min":-0.6429712176322937,"max":0.47298678755760193},"48":{"dtype":"number","min":-0.5263334512710571,"max":0.02315729856491089},"49":{"dtype":"number","min":-0.40914100408554077,"max":0.9760854244232178},"50":{"dtype":"number","min":-0.49345695972442627,"max":0.3900177776813507},"51":{"dtype":"number","min":-0.07250151038169861,"max":0.564913421869278},"52":{"dtype":"number","min":-0.4595014452934265,"max":1.0527536273002625},"53":{"dtype":"number","min":-0.7814037203788757,"max":0.4263620376586914},"54":{"dtype":"number","min":-0.5752996802330017,"max":0.04237234592437744},"55":{"dtype":"number","min":-0.45645421743392944,"max":1.0871407389640808},"56":{"dtype":"number","min":-0.6196901798248291,"max":0.3498442769050598},"57":{"dtype":"number","min":-0.06950801610946655,"max":0.5669046938419342},"58":{"dtype":"number","min":-0.4565649628639221,"max":1.033196747303009},"59":{"dtype":"number","min":-0.7082696557044983,"max":0.3438403606414795},"60":{"dtype":"number","min":-0.5750067830085754,"max":0.05677461624145508},"61":{"dtype":"number","min":-0.4546815752983093,"max":1.1072728037834167},"62":{"dtype":"number","min":-0.5582129955291748,"max":0.30455470085144043},"63":{"dtype":"number","min":-0.06475737690925598,"max":0.538385421037674},"64":{"dtype":"number","min":-0.4442984461784363,"max":1.0100530982017517},"65":{"dtype":"number","min":-0.6386180520057678,"max":0.43530188500881195},"66":{"dtype":"number","min":-0.5570738911628723,"max":0.03476369380950928},"67":{"dtype":"number","min":-0.4401671290397644,"max":1.0690096020698547},"68":{"dtype":"number","min":-0.49509644508361816,"max":0.3588832914829254},"69":{"dtype":"number","min":0.005245506763458252,"max":0.12750846147537231},"70":{"dtype":"number","min":0.508232593536377,"max":0.9328246712684631},"71":{"dtype":"number","min":0.11219950392842293,"max":1.7054582070559263},"72":{"dtype":"number","min":-0.14463528990745544,"max":-0.025440186262130737},"73":{"dtype":"number","min":0.4981003999710083,"max":0.9285992980003357},"74":{"dtype":"number","min":0.19832904636859894,"max":1.6582927256822586},"75":{"dtype":"number","min":0.00003719329833984375,"max":0.14231503009796143},"76":{"dtype":"number","min":0.8529772162437439,"max":1.4828824996948242},"77":{"dtype":"number","min":-0.012511461973190308,"max":1.8458659648895264},"78":{"dtype":"number","min":-0.15507772564888,"max":0.0009409189224243164},"79":{"dtype":"number","min":0.7347049713134766,"max":1.5014918446540833},"80":{"dtype":"number","min":0.14187508448958397,"max":1.6481709107756615},"81":{"dtype":"number","min":-0.008746564388275146,"max":0.17675799131393433},"82":{"dtype":"number","min":1.1028399467468262,"max":1.9992539286613464},"83":{"dtype":"number","min":0.18767182901501656,"max":2.780159592628479},"84":{"dtype":"number","min":-0.1741713285446167,"max":0.024311482906341553},"85":{"dtype":"number","min":0.8208712339401245,"max":2.015601694583893},"86":{"dtype":"number","min":0.18123448453843594,"max":2.317188084125519},"87":{"dtype":"number","min":-0.010774612426757812,"max":0.1881358027458191},"88":{"dtype":"number","min":1.122776985168457,"max":2.085442066192627},"89":{"dtype":"number","min":0.20672152936458588,"max":2.8749289512634277},"90":{"dtype":"number","min":-0.18488243222236633,"max":0.029565036296844482},"91":{"dtype":"number","min":0.8354083299636841,"max":2.101532518863678},"92":{"dtype":"number","min":0.18018513545393944,"max":2.3801087141036987},"93":{"dtype":"number","min":-0.032537996768951416,"max":0.16376549005508423},"94":{"dtype":"number","min":1.1970605850219727,"max":2.165435016155243},"95":{"dtype":"number","min":0.053920336067676544,"max":2.6325680017471313},"96":{"dtype":"number","min":-0.16209948062896729,"max":0.05285167694091797},"97":{"dtype":"number","min":0.8323442935943604,"max":2.1824373602867126},"98":{"dtype":"number","min":0.022682055830955505,"max":2.0355988442897797}},"outputs":{"label":{"dtype":"string","min":0,"max":1,"uniqueValues":["STRONG","PRAY","CIRCLE","POINT-LEFT","POINT-RIGHT","NEUTRAL"],"legend":{"STRONG":[1,0,0,0,0,0],"PRAY":[0,1,0,0,0,0],"CIRCLE":[0,0,1,0,0,0],"POINT-LEFT":[0,0,0,1,0,0],"POINT-RIGHT":[0,0,0,0,1,0],"NEUTRAL":[0,0,0,0,0,1]}}},"isNormalized":true}